frame,sync_timestamp,accel_x,accel_y,accel_z,gyro_x,gyro_y,gyro_z,unix_timestamp
0,0.000,-1.312,8.681,1.319,6.51145,-10.85496,-0.11450,1750160374.3011162
1,0.033,0.606,9.680,1.645,-13.49618,-7.64885,-1.41985,1750160374.340057
2,0.066,1.496,10.853,0.852,-24.11450,8.93130,10.19847,1750160374.3825443
3,0.099,1.614,13.053,3.460,-31.16794,45.67176,38.80153,1750160374.4349198
4,0.132,0.694,11.076,4.841,-31.41221,66.33588,28.35878,1750160374.4718869
5,0.165,-1.137,8.025,5.351,0.23664,42.90076,2.82443,1750160374.5108292
6,0.198,-2.224,6.804,3.915,-10.19847,14.25954,7.50382,1750160374.5475783
7,0.231,-0.354,7.997,3.263,-24.03053,7.88550,26.19084,1750160374.5834332
8,0.264,1.784,11.475,2.461,-20.58779,27.06870,6.39695,1750160374.6248074
9,0.297,1.128,12.989,3.103,0.29008,28.46565,-21.57252,1750160374.6624033
10,0.330,0.290,10.218,2.179,40.45802,29.56489,-29.28244,1750160374.6993172
11,0.363,0.218,8.200,1.786,26.72519,32.19847,-29.03053,1750160374.7365987
12,0.396,0.086,7.898,1.307,6.06870,27.06107,-31.24427,1750160374.7734015
13,0.429,0.007,8.183,1.094,9.74046,20.56489,-11.87786,1750160374.8104353
14,0.462,0.376,8.224,0.548,21.30534,18.56489,9.05344,1750160374.8476155
15,0.495,0.804,8.064,-0.218,17.67939,25.91603,15.41221,1750160374.8835351
16,0.528,1.812,10.106,0.797,-4.77099,38.77099,7.45802,1750160374.9215505
17,0.561,-0.127,11.351,2.320,-19.77863,24.64885,-25.19847,1750160374.9575078
18,0.594,0.074,10.922,0.441,-10.39695,12.54962,-34.00000,1750160374.995365
19,0.627,0.833,12.637,2.231,-23.82443,9.92366,-48.09160,1750160375.031323
20,0.660,-0.558,13.027,3.773,-43.14504,3.76336,-56.32061,1750160375.0694392
21,0.693,-0.113,11.284,4.302,-5.95420,-3.42748,-53.19084,1750160375.105409
22,0.726,1.982,7.046,4.678,18.90840,21.41985,-33.37405,1750160375.1433957
23,0.759,2.976,6.215,3.290,1.34351,52.91603,-25.51145,1750160375.1792552
24,0.792,0.831,10.676,2.662,-37.35878,62.21374,-21.80153,1750160375.2172084
25,0.825,-1.245,11.444,2.198,-12.38931,46.75573,3.37405,1750160375.253093
26,0.858,-1.686,10.609,1.882,0.44275,35.03817,37.12214,1750160375.291121
27,0.891,-1.556,12.134,2.588,20.63359,19.15267,29.63359,1750160375.327105
28,0.924,-0.129,9.589,2.207,48.22137,15.67176,18.51908,1750160375.3650386
29,0.957,0.747,7.451,1.652,43.86260,17.87023,9.40458,1750160375.4009535
30,0.990,0.555,6.833,1.757,29.74809,14.49618,-2.99237,1750160375.4393735
31,1.023,-0.996,8.270,0.716,20.38168,7.93130,-12.24427,1750160375.4754372
32,1.056,-0.836,8.866,0.752,7.18321,3.70229,-21.58015,1750160375.5136504
33,1.089,0.649,10.192,2.923,-5.12977,4.60305,-29.39695,1750160375.5496786
34,1.122,2.274,8.832,0.364,-1.14504,19.70992,-24.08397,1750160375.5877233
35,1.155,-1.341,9.656,-0.163,-43.69466,19.60305,15.45038,1750160375.6238272
36,1.188,-2.128,13.376,5.306,-102.16031,28.62595,33.38168,1750160375.6622546
37,1.221,2.401,12.704,5.578,-33.77863,60.15267,33.36641,1750160375.7016761
38,1.254,0.376,8.368,3.819,22.46565,45.70229,3.68702,1750160375.7363262
39,1.287,-0.579,7.642,3.783,-26.58779,40.49618,7.25954,1750160375.77229
40,1.320,1.626,12.799,2.758,-45.84733,59.09160,0.98473,1750160375.8107069
41,1.353,1.702,11.303,2.648,0.51145,65.96183,-19.31298,1750160375.8473032
42,1.386,1.422,9.390,1.571,-1.03053,84.91603,-31.12214,1750160375.88538
43,1.419,1.176,10.053,1.475,-9.10687,104.93130,-32.79389,1750160375.9215257
44,1.452,0.335,10.015,1.595,17.39695,104.25954,-29.54962,1750160375.9622262
45,1.485,-0.381,9.160,1.132,26.88550,92.77863,-23.50382,1750160375.9960117
46,1.518,-1.197,7.879,0.596,21.67176,79.58015,-1.02290,1750160376.0422604
47,1.551,-1.082,8.109,0.369,20.23664,71.87023,13.20611,1750160376.0757287
48,1.584,-0.089,9.029,0.757,17.05344,64.69466,8.94656,1750160376.1142871
49,1.617,0.632,9.687,0.484,3.93130,62.25191,-6.00763,1750160376.1506789
50,1.650,-0.366,10.848,2.291,-11.35115,48.19084,-20.84733,1750160376.1893291
51,1.683,-0.888,10.635,1.353,1.32824,35.81679,-14.19847,1750160376.225475
52,1.716,-1.513,11.942,2.337,-23.51145,28.76336,-27.32824,1750160376.2646103
53,1.749,-1.120,13.791,4.554,-37.25954,13.81679,-56.38168,1750160376.3011346
54,1.782,1.750,10.673,3.881,29.94656,31.86260,-52.25954,1750160376.3401136
55,1.815,3.622,6.495,3.984,31.25191,80.56489,-61.77099,1750160376.3764782
56,1.848,5.246,5.808,1.293,-21.32824,111.02290,-32.12977,1750160376.4156542
57,1.881,1.053,12.775,2.234,-36.42748,93.00763,-4.51145,1750160376.4520392
58,1.914,-2.222,9.934,1.166,10.99237,82.09160,12.54198,1750160376.4912806
59,1.947,-0.953,9.050,1.195,-9.78626,79.34351,18.55725,1750160376.5276976
60,1.980,0.364,10.127,1.839,8.08397,85.80153,7.58779,1750160376.566756
61,2.013,-0.101,9.158,2.579,51.45802,82.09160,-11.98473,1750160376.6051223
62,2.046,-0.757,8.143,2.298,43.44275,68.89313,-17.79389,1750160376.6386247
63,2.079,-2.318,7.839,1.104,16.32824,42.77099,-13.60305,1750160376.6752844
64,2.112,-1.930,9.357,1.504,0.82443,21.29771,-20.09924,1750160376.7143772
65,2.145,-0.333,9.436,0.687,-5.20611,18.55725,-15.65649,1750160376.7508247
66,2.178,-0.632,10.685,1.120,-1.58015,18.69466,-19.80916,1750160376.7902906
67,2.211,1.120,10.697,1.350,-2.13740,29.30534,-18.18321,1750160376.824212
68,2.244,0.781,10.185,0.871,-21.40458,50.36641,-4.91603,1750160376.867483
69,2.277,0.807,11.899,4.695,-52.39695,69.22901,6.95420,1750160376.9070897
70,2.310,1.243,11.514,4.870,-42.83969,81.82443,9.48855,1750160376.9459746
71,2.343,-2.380,7.951,5.236,1.71756,56.98473,-10.53435,1750160376.9827788
72,2.376,-2.083,7.891,4.571,-14.51908,42.28244,-2.83969,1750160377.021122
73,2.409,2.569,11.897,4.226,-30.48092,72.28244,1.25954,1750160377.057905
74,2.442,3.168,11.401,2.926,-3.71756,67.00000,-32.46565,1750160377.0969336
75,2.475,0.347,9.021,1.963,1.41985,76.53435,-40.21374,1750160377.133776
76,2.508,0.278,9.206,1.736,-3.49618,85.14504,-36.11450,1750160377.1725287
77,2.541,0.333,9.641,1.549,3.57252,84.37405,-30.12977,1750160377.2089632
78,2.574,0.235,8.854,1.750,16.59542,71.83206,-29.09160,1750160377.2478933
79,2.607,1.434,8.686,0.970,-15.98473,78.80916,-19.26718,1750160377.2842128
80,2.640,-1.465,8.792,1.135,-9.45038,71.16794,-0.24427,1750160377.3226132
81,2.673,-1.812,8.301,0.730,8.70229,42.67939,3.58015,1750160377.358932
82,2.706,0.824,8.440,0.900,14.34351,38.25191,15.79389,1750160377.397677
83,2.739,1.951,9.524,0.828,21.88550,48.97710,23.60305,1750160377.4344492
84,2.772,1.621,11.241,0.225,11.43511,74.36641,16.47328,1750160377.473088
85,2.805,-0.002,11.770,1.384,-6.29771,74.64122,-12.80916,1750160377.5098104
86,2.838,-1.123,11.870,2.619,-11.81679,38.97710,-34.80153,1750160377.5488594
87,2.871,-2.844,11.648,4.096,-39.54962,-2.73282,-36.67176,1750160377.5850708
88,2.904,-1.410,10.783,4.578,-6.03053,-28.94656,-19.01527,1750160377.623859
89,2.937,1.674,9.074,5.514,10.34351,-12.09924,-21.83969,1750160377.6600876
90,2.970,4.132,7.286,3.505,-2.49618,37.63359,-49.58015,1750160377.6991532
91,3.003,6.036,8.770,2.528,-40.65649,53.77099,-58.09924,1750160377.7354019
92,3.036,0.034,13.465,1.949,-19.95420,48.00000,-2.51908,1750160377.7737634
93,3.069,-0.412,9.256,3.242,13.04580,49.52672,43.12214,1750160377.810102
94,3.102,-1.927,8.655,2.049,14.72519,38.25954,35.34351,1750160377.8444636
95,3.135,-0.639,8.564,2.332,14.53435,19.35878,13.70229,1750160377.8808343
96,3.168,0.555,8.526,1.360,11.82443,9.82443,7.62595,1750160377.9196901
97,3.201,0.182,8.282,0.711,12.31298,5.19084,1.32824,1750160377.9545717
98,3.234,-0.369,8.131,0.390,2.51145,-3.06107,-5.94656,1750160377.9957356
99,3.267,-0.450,9.934,0.874,-14.13740,-16.32824,-2.93130,1750160378.0389545
100,3.300,0.065,10.898,2.863,-11.13740,5.52672,12.80916,1750160378.0774486
101,3.333,0.761,10.032,0.874,-10.81679,13.22137,26.80916,1750160378.1143262
102,3.366,-0.819,11.574,3.163,-35.10687,9.61069,34.02290,1750160378.1516557
103,3.399,0.699,13.666,4.001,-51.18321,2.52672,29.70992,1750160378.188427
104,3.432,0.328,11.507,4.659,-14.94656,-2.09160,16.33588,1750160378.225694
105,3.465,-0.467,8.533,4.930,5.32061,-28.36641,9.92366,1750160378.262762
106,3.498,-0.869,7.798,3.687,0.36641,-38.16031,14.52672,1750160378.2996662
107,3.531,1.310,10.618,2.928,-15.41985,-33.95420,6.08397,1750160378.336769
108,3.564,0.409,9.390,2.028,16.58015,-24.75573,-12.86260,1750160378.4077497
109,3.597,0.651,8.492,1.769,13.94656,-19.95420,-2.73282,1750160378.443842
110,3.630,0.484,8.720,1.949,17.74046,-17.94656,0.33588,1750160378.4818432
111,3.663,0.639,8.617,1.908,24.19084,-19.72519,0.61832,1750160378.5182312
112,3.696,1.329,8.143,1.120,20.81679,-16.41221,14.22901,1750160378.5563414
113,3.729,1.482,8.454,0.802,18.45038,-4.82443,20.43511,1750160378.5925848
114,3.762,1.654,8.928,0.163,14.25191,5.77099,15.35115,1750160378.6259449
115,3.795,2.909,9.627,0.776,1.12977,16.77099,5.25954,1750160378.6620932
116,3.828,1.214,11.114,2.868,-19.94656,7.69466,-11.53435,1750160378.7002416
117,3.861,-1.025,11.411,1.348,-13.18321,-19.64122,-22.79389,1750160378.736459
118,3.894,0.314,11.413,1.326,1.57252,-36.35878,-24.62595,1750160378.774993
119,3.927,0.553,12.093,3.373,-27.57252,-33.91603,-34.80153,1750160378.810967
120,3.960,0.898,12.728,5.679,-19.93130,-43.21374,-55.42748,1750160378.8490407
121,3.993,2.059,8.279,4.082,37.72519,-17.90840,-38.01527,1750160378.8853922
122,4.026,3.268,5.669,3.560,3.41221,19.28244,-20.88550,1750160378.9234595
123,4.059,2.983,9.692,1.326,-34.10687,28.76336,-8.99237,1750160378.9597113
124,4.092,-1.211,10.898,2.698,4.40458,8.52672,7.76336,1750160378.9974062
125,4.125,-1.829,9.108,2.749,4.10687,-0.91603,25.29008,1750160379.035026
126,4.158,0.089,9.474,2.883,0.93893,-17.76336,15.03817,1750160379.0721617
127,4.191,1.714,9.409,2.176,11.02290,-2.88550,14.46565,1750160379.1077812
128,4.224,1.935,9.021,1.602,21.01527,10.12977,8.44275,1750160379.1441646
129,4.257,0.998,8.444,1.120,19.64885,17.49618,1.16794,1750160379.1810076
130,4.290,-0.223,8.921,0.898,11.03817,6.57252,-2.79389,1750160379.2192028
131,4.323,-1.257,9.347,0.845,8.58779,-11.77863,0.25954,1750160379.2559617
132,4.356,-1.089,9.369,1.968,-8.83969,-12.48855,11.25191,1750160379.2932885
133,4.389,2.073,9.807,-0.067,-29.37405,2.80916,15.26718,1750160379.33022
134,4.422,0.488,11.483,1.410,-24.81679,3.90840,22.76336,1750160379.3681748
135,4.455,1.156,12.749,5.926,-64.77863,31.61832,41.58779,1750160379.4051807
136,4.488,1.305,10.195,6.067,-27.04580,32.27481,32.11450,1750160379.4425435
137,4.521,-1.508,8.550,5.564,-14.93130,-4.16031,18.57252,1750160379.4822288
138,4.554,-1.147,10.120,3.373,-32.87786,-15.26718,20.24427,1750160379.5213883
139,4.587,1.853,12.036,2.112,1.07634,-2.80916,-19.46565,1750160379.5680778
140,4.620,2.124,9.512,1.765,15.94656,12.99237,-24.16794,1750160379.6041794
141,4.653,1.439,8.068,1.520,7.58779,32.84733,-22.66412,1750160379.6431599
142,4.686,0.002,8.727,2.167,6.93130,34.78626,-13.58015,1750160379.6822262
143,4.719,-0.268,8.533,1.185,31.70229,20.88550,0.52672,1750160379.727778
144,4.752,0.582,8.265,0.680,22.09160,19.16031,10.36641,1750160379.769845
145,4.785,0.934,8.155,0.172,18.64122,21.04580,8.84733,1750160379.8117383
146,4.818,2.574,9.608,1.652,-6.92366,26.76336,-9.35115,1750160379.8518503
147,4.851,-0.122,11.626,2.523,-26.89313,15.30534,-19.88550,1750160379.8916173
148,4.884,-2.150,11.533,0.958,2.09924,-10.03053,-13.03817,1750160379.9330919
149,4.917,-0.740,11.926,3.673,-31.58779,-39.44275,-45.66412,1750160379.97382
150,4.950,1.140,11.571,4.726,-21.38931,-35.46565,-70.91603,1750160380.0146015
151,4.983,2.897,7.934,4.013,21.98473,-2.19847,-52.83969,1750160380.053289
152,5.016,3.680,7.949,2.820,-8.53435,23.23664,-30.51145,1750160380.086764
153,5.049,0.991,10.862,2.279,-12.96183,21.50382,14.12214,1750160380.1261034
154,5.082,-2.045,9.146,2.574,17.83969,-3.03817,32.27481,1750160380.1673746
155,5.115,-1.607,9.608,3.338,6.10687,-20.03053,28.39695,1750160380.2042258
156,5.148,-0.124,9.151,2.658,11.45038,-30.54198,23.05344,1750160380.2437453
157,5.181,1.307,8.519,1.575,17.95420,-19.61069,16.47328,1750160380.289531
158,5.214,1.556,8.408,0.871,6.03053,-3.77099,-0.45038,1750160380.3296983
159,5.247,1.353,9.270,0.637,14.78626,6.31298,-10.99237,1750160380.3707843
160,5.280,0.888,9.615,0.785,12.55725,6.71756,-15.56489,1750160380.407616
161,5.313,-0.043,10.242,1.276,9.73282,12.04580,-2.80153,1750160380.4452844
162,5.346,1.925,10.063,0.931,2.67939,17.25191,-1.61832,1750160380.482218
163,5.379,-0.915,10.989,1.846,-2.00763,-1.33588,6.96183,1750160380.519564
164,5.412,-1.374,12.476,3.488,-61.07634,0.58779,48.53435,1750160380.556266
165,5.445,1.283,11.301,7.609,-52.22137,20.19084,50.53435,1750160380.5938492
166,5.478,-0.053,8.298,4.812,16.77863,-5.63359,11.50382,1750160380.6309268
167,5.511,0.778,8.332,3.263,-20.14504,5.00763,7.06107,1750160380.6686127
168,5.544,1.334,12.285,2.667,-35.96183,25.82443,-7.33588,1750160380.7051933
169,5.577,1.348,10.424,2.334,-0.43511,28.99237,-26.21374,1750160380.7427912
170,5.610,0.802,8.751,1.693,5.93893,39.81679,-24.59542,1750160380.779345
171,5.643,0.668,9.323,1.817,0.46565,53.22137,-20.06870,1750160380.8170948
172,5.676,-0.330,9.455,1.721,21.77099,49.10687,-13.38931,1750160380.8540416
173,5.709,0.048,8.523,1.300,29.70229,38.32061,-7.98473,1750160380.8914216
174,5.742,0.022,8.124,0.678,15.51145,33.95420,1.53435,1750160380.9281795
175,5.775,-0.527,8.461,0.505,16.10687,34.49618,10.54962,1750160380.96534
176,5.808,0.804,9.354,0.692,17.25954,27.95420,2.19084,1750160381.0017657
177,5.841,1.324,10.657,1.705,-1.57252,21.43511,-17.70992,1750160381.042817
178,5.874,-0.857,10.704,1.585,-9.12977,6.54962,-21.67939,1750160381.0782819
179,5.907,-0.395,10.403,0.625,0.29008,10.03053,1.14504,1750160381.1155643
180,5.940,-0.362,11.830,2.500,-32.32061,5.22137,-16.50382,1750160381.1497455
181,5.973,0.062,13.060,5.933,-42.13740,-11.79389,-59.64885,1750160381.1858203
182,6.006,1.477,10.393,4.788,33.06870,2.97710,-56.57252,1750160381.2249744
183,6.039,3.215,7.300,3.340,14.41221,39.00000,-37.47328,1750160381.2610853
184,6.072,2.990,9.929,2.691,-34.48092,58.63359,-7.58779,1750160381.3008564
185,6.105,-0.352,10.736,2.626,15.48092,45.61069,9.85496,1750160381.336958
186,6.138,-1.580,8.705,2.076,9.06107,29.29008,25.46565,1750160381.3765461
187,6.171,-2.002,9.316,2.488,0.46565,11.16794,21.38168,1750160381.4171097
188,6.204,0.965,8.959,2.112,16.79389,15.13740,7.78626,1750160381.4565606
189,6.237,1.618,8.835,1.463,14.02290,24.93893,-0.12214,1750160381.4959154
190,6.270,0.735,8.945,1.283,15.56489,28.69466,-9.95420,1750160381.5330012
191,6.303,-0.479,9.098,0.876,11.75573,21.55725,-10.06870,1750160381.571094
192,6.336,-0.919,8.926,0.536,8.48092,1.65649,-8.54962,1750160381.6114147
193,6.369,-1.678,9.254,1.810,2.49618,-7.58779,5.70229,1750160381.6469054
194,6.402,-0.517,9.890,0.929,-17.44275,-6.93130,14.13740,1750160381.6849577
195,6.435,0.761,12.067,1.587,-22.78626,-8.43511,23.56489,1750160381.721086
196,6.468,2.660,14.626,5.411,-43.25191,34.17557,36.15267,1750160381.7592301
197,6.501,3.472,11.535,4.781,-12.70229,60.47328,18.88550,1750160381.7956684
198,6.534,-0.886,7.946,4.839,-1.17557,39.93130,-5.81679,1750160381.833825
199,6.567,-2.145,7.556,3.948,-17.32824,15.41985,2.76336,1750160381.8699956
200,6.600,0.704,10.807,3.816,-20.52672,3.41985,6.42748,1750160381.9079306
201,6.633,1.788,10.932,2.684,-6.23664,9.35878,-4.67176,1750160381.9440768
202,6.666,0.407,9.112,2.028,15.03053,14.35878,-14.71756,1750160381.9821048
203,6.699,0.165,7.980,1.549,2.83969,22.12214,-12.84733,1750160382.0183444
204,6.732,0.613,8.844,1.753,-0.96947,27.29771,-5.04580,1750160382.0567658
205,6.765,0.108,9.258,1.736,15.06870,20.81679,0.55725,1750160382.0929627
206,6.798,0.069,9.067,1.097,17.74046,19.89313,8.66412,1750160382.131054
207,6.831,0.613,8.887,1.109,22.93130,21.38168,14.18321,1750160382.1671803
208,6.864,0.848,8.550,0.510,18.56489,22.30534,11.81679,1750160382.2049797
209,6.897,1.822,9.785,1.772,-1.18321,16.14504,0.70229,1750160382.240948
210,6.930,-0.469,10.317,2.634,-11.26718,1.00000,-8.70229,1750160382.278678
211,6.963,-2.234,10.491,3.146,-8.95420,-18.21374,-7.17557,1750160382.3148372
212,6.996,-2.172,13.771,3.759,-41.41221,-61.49618,-39.51908,1750160382.3532822
213,7.029,1.290,11.969,2.717,-3.51145,-74.96183,-38.07634,1750160382.3893359
214,7.062,3.352,8.677,3.558,13.64122,-37.36641,-14.67939,1750160382.427032
215,7.095,2.770,6.309,3.069,17.44275,-11.54198,-3.23664,1750160382.4631462
216,7.128,-0.371,8.100,3.007,-6.86260,-5.35878,-10.79389,1750160382.5023084
217,7.161,-0.785,11.693,3.361,-13.96183,-30.36641,-15.37405,1750160382.5406272
218,7.194,-0.960,9.711,2.749,12.18321,-38.74809,25.74809,1750160382.5857117
219,7.227,0.848,9.457,2.567,-0.42748,-34.52672,29.16031,1750160382.623734
220,7.260,1.353,9.378,2.294,7.81679,-18.15267,20.42748,1750160382.6627402
221,7.293,2.045,9.306,1.700,18.69466,-8.49618,6.08397,1750160382.6985223
222,7.326,0.862,8.904,1.178,21.80916,-4.41985,0.03053,1750160382.7375126
223,7.359,-0.230,8.633,0.670,19.22901,-7.81679,-1.71756,1750160382.7736146
224,7.392,0.342,8.344,0.302,4.57252,-7.75573,-4.25191,1750160382.8125627
225,7.425,-0.752,9.045,1.690,-12.74046,-5.34351,3.80916,1750160382.849233
226,7.458,0.311,10.523,1.575,-20.60305,1.75573,2.12214,1750160382.8876555
227,7.491,1.190,11.176,1.381,-30.71756,1.61069,7.90076,1750160382.9239285
228,7.524,1.386,13.925,4.025,-64.35878,38.12977,38.77863,1750160382.9628344
229,7.557,0.294,11.897,4.743,-22.22137,39.35878,21.01527,1750160382.998917
230,7.590,-2.588,8.538,5.181,0.01527,0.12214,-6.54962,1750160383.0378947
231,7.623,0.182,8.377,3.548,-8.98473,-3.25954,9.31298,1750160383.074002
232,7.656,2.181,11.116,2.820,-18.33588,14.57252,9.80916,1750160383.1126714
233,7.689,1.681,10.458,2.418,3.76336,16.64885,-16.68702,1750160383.1487525
234,7.722,0.692,9.328,1.927,1.27481,24.46565,-24.58015,1750160383.1875253
235,7.755,0.017,8.882,1.858,-2.87786,28.04580,-13.83969,1750160383.2236571
236,7.788,-0.227,8.971,1.839,18.80153,19.41221,0.03053,1750160383.2617595
237,7.821,0.151,8.408,1.401,32.61832,15.52672,12.27481,1750160383.2977183
238,7.854,0.960,8.459,0.960,21.83969,22.31298,15.51908,1750160383.3365538
239,7.887,1.152,8.696,0.685,14.57252,25.51145,13.40458,1750160383.3725913
240,7.920,1.853,9.100,0.199,5.61069,35.08397,0.70229,1750160383.411631
241,7.953,1.662,11.035,1.870,-16.50382,38.86260,-17.84733,1750160383.4476275
242,7.986,-1.504,10.645,2.418,-7.87786,14.96183,-32.54962,1750160383.4864287
243,8.019,-1.990,11.930,3.168,-11.16031,-2.74046,-43.36641,1750160383.522554
244,8.052,-0.804,14.042,3.639,-30.70229,-23.49618,-52.84733,1750160383.561408
245,8.085,1.626,11.284,3.800,13.77099,-7.66412,-31.94656,1750160383.597584
246,8.118,3.287,7.377,3.807,21.22137,39.07634,-18.41985,1750160383.6407902
247,8.151,0.996,7.757,3.213,10.02290,60.87786,-18.62595,1750160383.680314
248,8.184,-0.702,9.871,3.160,-3.15267,51.60305,-20.54962,1750160383.7174866
249,8.217,-1.726,9.242,2.354,4.73282,42.63359,0.55725,1750160383.7540612
250,8.250,-0.369,9.608,2.485,-9.43511,35.94656,4.63359,1750160383.7932017
251,8.283,0.110,9.776,2.605,5.07634,40.23664,-0.03817,1750160383.8298142
252,8.316,0.515,9.187,2.423,10.48092,46.12977,-8.95420,1750160383.8691294
253,8.349,0.424,8.780,2.095,8.93893,48.94656,-12.79389,1750160383.9053025
254,8.382,-0.390,8.969,1.717,4.41985,41.40458,-11.99237,1750160383.9450076
255,8.415,-0.982,9.378,1.448,4.33588,29.22137,-16.61069,1750160383.981095
256,8.448,-1.109,9.467,1.271,11.28244,17.02290,-17.68702,1750160384.0203612
257,8.481,0.072,9.663,1.944,4.16031,18.14504,-11.41221,1750160384.0564878
258,8.514,1.092,9.527,2.667,1.73282,20.60305,-6.68702,1750160384.0958529
259,8.547,1.456,9.754,1.745,3.15267,22.60305,-10.03817,1750160384.1319454
260,8.580,-0.855,10.908,1.573,-23.74809,18.29008,9.32061,1750160384.1710281
261,8.613,-0.881,11.928,3.922,-54.34351,22.87786,27.15267,1750160384.2069468
262,8.646,0.970,10.271,4.597,-23.67939,41.14504,24.41985,1750160384.2462332
263,8.679,-0.057,8.064,3.749,-0.38168,37.40458,2.20611,1750160384.2823322
264,8.712,0.481,8.966,3.153,-27.36641,55.07634,10.64122,1750160384.3217432
265,8.745,1.437,11.633,2.885,-29.58779,55.70229,4.18321,1750160384.35785
266,8.778,0.488,11.243,2.543,-1.38168,57.76336,-13.91603,1750160384.3971384
267,8.811,0.560,10.013,1.942,3.72519,67.91603,-23.43511,1750160384.4332073
268,8.844,0.831,9.550,2.076,8.93893,76.18321,-24.11450,1750160384.4723248
269,8.877,-0.081,9.055,1.748,12.96183,71.51145,-19.38931,1750160384.5084822
270,8.910,-0.239,8.830,1.389,13.18321,69.54198,-11.14504,1750160384.5476434
271,8.943,0.077,8.997,1.444,9.98473,64.11450,-2.64885,1750160384.5839114
272,8.976,-0.455,8.849,0.543,8.25191,64.14504,3.32824,1750160384.6181328
273,9.009,0.321,8.952,0.381,8.66412,66.46565,6.54962,1750160384.6596844
274,9.042,1.422,10.008,0.534,1.44275,72.39695,-2.62595,1750160384.693806
275,9.075,0.900,11.952,1.935,-16.34351,69.24427,-20.02290,1750160384.7298641
276,9.108,-2.093,10.307,1.788,0.85496,40.91603,-21.71756,1750160384.8048828
277,9.141,-1.482,12.153,3.826,-16.00763,20.15267,-34.81679,1750160384.8411112
278,9.174,0.924,11.305,3.189,7.89313,25.58015,-27.74809,1750160384.8783934
279,9.207,2.107,8.775,4.575,19.74046,54.25191,-10.98473,1750160384.9161453
280,9.240,1.034,7.863,3.627,26.99237,74.19847,-9.51145,1750160384.9533768
281,9.273,-0.508,7.786,3.110,15.25191,75.66412,-23.22901,1750160384.991076
282,9.306,-1.238,9.165,2.406,-5.38168,70.77099,-27.18321,1750160385.0286126
283,9.339,-0.280,10.324,2.227,-8.39695,69.77863,-12.22901,1750160385.0668666
284,9.372,-0.304,10.276,2.255,-0.99237,74.54198,-3.55725,1750160385.1039426
285,9.405,-0.409,9.677,2.076,11.90840,79.72519,-6.44275,1750160385.1414769
286,9.438,-0.263,8.698,2.035,9.60305,79.50382,-16.22137,1750160385.1786568
287,9.471,-0.824,8.736,2.136,3.38168,76.54962,-18.58015,1750160385.2163239
288,9.504,-0.821,9.881,2.289,6.20611,67.32061,-22.68702,1750160385.2534487
289,9.537,-0.833,9.730,1.647,12.25191,56.85496,-29.00000,1750160385.2911332
290,9.570,-1.152,9.629,1.259,11.74809,49.96183,-26.22901,1750160385.3283482
291,9.603,-0.776,10.060,1.958,2.93130,40.46565,-27.68702,1750160385.36599
292,9.636,-1.097,10.084,2.002,7.91603,32.83206,-27.27481,1750160385.3995175
293,9.669,0.350,9.881,2.090,3.35878,27.43511,-24.13740,1750160385.4436862
294,9.702,0.591,9.448,0.941,-1.71756,30.22901,-12.17557,1750160385.47715
295,9.735,-0.019,10.858,1.247,-25.01527,33.38168,4.95420,1750160385.5128942
296,9.768,0.204,11.885,3.268,-41.38168,53.54962,18.34351,1750160385.5522318
297,9.801,0.218,10.195,3.845,-12.67176,65.86260,8.88550,1750160385.5899706
298,9.834,-1.111,7.211,4.420,-2.82443,47.46565,-17.89313,1750160385.6318583
299,9.867,0.359,8.286,3.843,-23.42748,55.53435,4.23664,1750160385.6720002
300,9.900,1.669,11.284,3.199,-27.16794,62.51908,10.80153,1750160385.7126613
301,9.933,0.218,11.212,2.744,-7.61832,59.41985,-21.79389,1750160385.7537513
302,9.966,0.350,10.898,1.990,2.68702,68.29008,-31.50382,1750160385.7924645
303,9.999,0.330,10.048,1.927,19.36641,73.53435,-25.06870,1750160385.8262804
304,10.032,-0.053,8.928,1.666,17.30534,72.78626,-23.59542,1750160385.8655868
305,10.065,-0.026,8.894,1.915,8.03817,66.48092,-20.43511,1750160385.9051902
306,10.098,-0.874,8.669,0.962,5.55725,49.32061,-3.98473,1750160385.9744494
307,10.131,-1.197,8.600,0.520,6.61069,40.89313,0.18321,1750160386.0094554
308,10.164,0.079,9.230,0.656,-5.82443,29.04580,-5.04580,1750160386.0448596
309,10.197,1.185,10.896,1.781,-18.01527,33.84733,-16.47328,1750160386.0818582
310,10.230,0.654,10.939,1.827,-13.48855,34.98473,-16.80153,1750160386.1158698
311,10.263,-1.192,11.463,2.291,-5.37405,35.60305,-4.35878,1750160386.1520276
312,10.296,-2.804,13.563,3.898,-32.32061,4.12214,-29.95420,1750160386.1858015
313,10.329,-0.306,11.830,3.290,4.03053,-23.79389,-32.00763,1750160386.2218869
314,10.362,2.004,9.318,4.391,20.35115,-0.64122,-7.93130,1750160386.2612336
315,10.395,2.801,7.456,4.022,22.47328,26.00000,-5.48855,1750160386.2969518
316,10.428,1.209,7.970,2.914,-8.78626,43.79389,-9.48855,1750160386.336122
317,10.461,-0.148,9.740,3.141,-7.46565,39.96947,-9.66412,1750160386.3721778
318,10.494,-0.749,9.744,2.416,3.73282,33.61069,3.92366,1750160386.4115186
319,10.527,-0.067,9.400,2.239,0.87786,34.68702,4.64122,1750160386.4476023
320,10.560,0.158,9.117,2.710,6.71756,45.45802,-2.41985,1750160386.4866004
321,10.593,0.663,9.562,2.243,13.79389,51.76336,-8.24427,1750160386.5226634
322,10.626,-0.141,9.254,1.803,22.33588,47.84733,-11.48092,1750160386.5614657
323,10.659,-0.998,8.880,1.101,14.14504,37.01527,-9.73282,1750160386.597522
324,10.692,-1.343,8.076,0.800,2.85496,27.19084,-8.58779,1750160386.6317108
325,10.725,-1.427,8.820,1.599,-18.83969,5.87023,-8.35115,1750160386.6733496
326,10.758,-1.149,10.846,2.480,-20.61069,13.71756,-1.15267,1750160386.7072716
327,10.791,-0.666,11.435,2.184,-11.17557,9.26718,15.54962,1750160386.7429333
328,10.824,1.367,13.120,4.190,-39.63359,29.67176,37.35878,1750160386.78265
329,10.857,1.025,11.870,4.542,-19.65649,42.33588,14.83969,1750160386.8187068
330,10.890,-1.037,8.554,4.932,-8.97710,22.35115,-10.45802,1750160386.858124
331,10.923,-1.587,7.848,3.996,-15.49618,-7.04580,6.43511,1750160386.8941607
332,10.956,-0.646,9.443,3.371,-10.24427,-21.10687,29.26718,1750160386.9333143
333,10.989,0.790,11.337,2.557,-6.20611,-7.77099,12.13740,1750160386.9695537
334,11.022,1.913,10.168,2.392,10.46565,-7.99237,-22.70229,1750160387.0137599
335,11.055,0.259,8.559,2.195,8.61069,-3.44275,-13.34351,1750160387.0527596
336,11.088,-0.759,8.796,2.126,18.45802,-15.62595,8.25954,1750160387.1196663
337,11.121,0.412,8.440,1.369,20.87786,-20.22901,14.32061,1750160387.1571949
338,11.154,1.360,8.543,1.132,16.72519,-14.20611,20.88550,1750160387.1945336
339,11.187,1.630,8.437,0.967,8.90840,-9.62595,20.83206,1750160387.232216
340,11.220,1.427,9.850,1.176,-13.76336,-1.96947,9.72519,1750160387.2691967
341,11.253,-0.105,11.059,2.938,-30.65649,-12.68702,-13.29771,1750160387.3073065
342,11.286,-1.049,12.395,1.867,-15.00000,-29.66412,-18.94656,1750160387.3447182
343,11.319,0.395,12.493,3.390,-9.83206,-41.58779,-27.96183,1750160387.3823333
344,11.352,1.676,12.019,4.673,-5.92366,-32.52672,-35.08397,1750160387.41937
345,11.385,1.848,8.282,3.998,24.16031,-8.57252,-28.26718,1750160387.457202
346,11.418,2.162,6.369,3.577,4.36641,15.04580,-20.96947,1750160387.4939787
347,11.451,0.007,9.936,3.948,-25.25954,11.73282,-22.62595,1750160387.5317743
348,11.484,-1.630,10.628,3.029,7.80153,-1.70992,-4.38168,1750160387.5685978
349,11.517,-0.697,8.859,2.612,-1.09924,-9.72519,19.07634,1750160387.6064925
350,11.550,0.000,9.615,2.454,-2.35115,-15.54198,16.36641,1750160387.6435907
351,11.583,0.464,9.591,2.851,15.53435,-1.68702,14.47328,1750160387.6817424
352,11.616,1.290,8.971,2.277,17.52672,0.80153,2.93893,1750160387.718911
353,11.649,0.201,8.586,1.858,21.09160,-0.58015,-3.87023,1750160387.7561646
354,11.682,-0.577,8.368,0.804,11.77099,-6.74046,-1.50382,1750160387.7930472
355,11.715,-0.321,8.322,0.582,-4.96947,-18.45802,-5.83969,1750160387.8312173
356,11.748,-0.608,9.797,2.464,-17.79389,-16.42748,6.41221,1750160387.8684957
357,11.781,1.444,10.063,1.733,-23.83969,-2.98473,15.77863,1750160387.9063416
358,11.814,2.174,11.693,2.521,-42.27481,18.48092,30.88550,1750160387.9435813
359,11.847,0.979,13.920,5.018,-45.94656,54.41985,38.85496,1750160387.981604
360,11.880,0.062,10.925,5.011,-6.67176,36.70229,-4.29008,1750160388.0187314
361,11.913,-1.075,8.452,4.144,-1.54198,11.98473,-23.45038,1750160388.0560334
362,11.946,0.223,9.206,3.041,-9.80153,9.01527,4.49618,1750160388.0959647
363,11.979,0.223,9.206,3.041,-9.80153,9.01527,4.49618,1750160388.0959647
364,12.012,0.407,10.783,2.164,-9.25191,6.62595,1.58015,1750160388.1499016
365,12.045,0.922,9.519,1.650,9.76336,6.03053,-17.25954,1750160388.1906767
366,12.078,0.709,8.636,1.683,3.13740,14.18321,-9.29771,1750160388.230002
367,12.111,0.694,8.930,1.745,6.74809,11.97710,1.03817,1750160388.265895
368,12.144,0.007,9.155,1.767,19.96183,4.68702,5.60305,1750160388.3048635
369,12.177,0.113,8.430,1.348,25.77099,0.47328,14.43511,1750160388.3411715
370,12.210,0.783,8.013,0.467,23.53435,-2.18321,15.80916,1750160388.3804266
371,12.243,1.930,9.172,-0.079,7.69466,7.54198,2.22901,1750160388.4168375
372,12.276,1.741,11.210,2.823,-21.25191,11.80153,-14.55725,1750160388.4560368
373,12.309,-1.549,10.676,2.205,-1.35115,-2.64885,-5.04580,1750160388.4920766
374,12.342,-1.935,11.590,3.627,-11.97710,-33.96183,-25.88550,1750160388.531277
375,12.375,-0.668,12.172,4.049,-36.90076,-56.24427,-46.03817,1750160388.5673492
376,12.408,1.748,11.818,4.872,-3.09160,-44.77863,-44.40458,1750160388.6014593
377,12.441,3.139,8.696,3.929,17.16031,-9.72519,-33.83206,1750160388.6376896
378,12.474,2.679,8.186,2.722,-1.06870,22.14504,-18.29008,1750160388.6773212
379,12.507,0.294,9.826,2.538,-11.99237,24.30534,1.51145,1750160388.7130117
380,12.540,-1.709,9.268,2.363,-4.32824,4.09160,16.66412,1750160388.7524483
381,12.573,-1.271,9.862,3.045,-7.46565,0.61069,28.09924,1750160388.7881262
382,12.606,0.201,9.991,2.327,11.32061,-3.20611,13.62595,1750160388.828643
383,12.639,1.341,9.009,1.858,20.86260,5.28244,2.32824,1750160388.8647554
384,12.672,0.769,8.519,1.348,21.71756,11.95420,-5.58779,1750160388.9038196
385,12.705,-0.512,8.305,0.895,16.49618,13.35115,-6.24427,1750160388.9399726
386,12.738,-0.788,8.622,0.424,6.05344,-1.66412,-9.69466,1750160388.978255
387,12.771,-1.731,9.273,1.568,-8.48092,-14.09924,-0.12977,1750160389.0133722
388,12.804,1.295,10.206,1.298,-13.83206,-1.12214,2.63359,1750160389.0528433
389,12.837,0.460,10.822,2.397,-32.06870,8.57252,24.61069,1750160389.0944922
390,12.870,0.869,13.551,4.396,-58.56489,30.29008,44.83206,1750160389.1333213
391,12.903,0.323,11.715,5.104,-12.63359,19.90076,27.67176,1750160389.1693513
392,12.936,-1.377,9.694,5.329,2.18321,-2.58779,12.92366,1750160389.2027097
393,12.969,0.005,9.127,3.381,-8.48092,-12.60305,17.03817,1750160389.244367
394,13.002,1.283,11.844,3.189,-15.44275,1.85496,1.87023,1750160389.28294
395,13.035,1.923,10.180,2.430,6.42748,10.87786,-16.19084,1750160389.3237507
396,13.068,0.718,8.959,2.124,6.96947,26.80153,-20.54198,1750160389.3653154
397,13.101,0.232,9.143,2.243,8.79389,30.53435,-15.16031,1750160389.4014852
398,13.134,-0.826,8.835,1.640,29.95420,22.54962,-5.88550,1750160389.4405057
399,13.167,0.357,8.566,0.967,25.28244,18.28244,0.09160,1750160389.476458
400,13.200,-0.045,8.672,0.702,12.26718,21.50382,6.79389,1750160389.515287
401,13.233,-0.184,8.104,0.618,18.04580,14.93893,8.08397,1750160389.5518696
402,13.266,1.724,9.606,1.379,1.41985,14.55725,1.13740,1750160389.590481
403,13.299,0.017,10.807,2.600,-27.05344,11.14504,-11.26718,1750160389.6262977
404,13.332,-2.729,10.484,0.819,-2.97710,-2.09924,-0.82443,1750160389.6653168
405,13.365,0.048,11.468,2.263,-13.83206,-17.28244,-20.26718,1750160389.7011368
406,13.398,0.634,13.748,3.879,-52.48092,-22.19847,-60.13740,1750160389.740124
407,13.431,1.891,13.154,4.350,12.51145,-20.90076,-51.02290,1750160389.7761502
408,13.464,1.674,7.702,3.752,46.20611,9.84733,-18.58779,1750160389.8148422
409,13.497,1.844,7.221,3.668,-1.73282,22.04580,-0.99237,1750160389.8511286
410,13.530,-0.723,9.601,4.250,6.01527,-2.21374,5.08397,1750160389.8901308
411,13.563,-2.394,8.952,3.043,9.49618,-28.16031,20.50382,1750160389.9262874
412,13.596,-1.642,9.938,2.976,-12.16794,-39.16031,18.76336,1750160389.9648402
413,13.629,1.968,9.457,2.083,1.48855,-27.29008,7.96947,1750160390.0009758
414,13.662,2.978,8.856,2.035,10.94656,4.75573,6.16031,1750160390.0403776
415,13.695,0.713,9.448,1.657,9.42748,14.06870,-0.87023,1750160390.0765455
416,13.728,-0.737,9.780,1.008,14.03053,6.91603,-6.90076,1750160390.1155555
417,13.761,-0.326,8.839,0.800,10.43511,-3.68702,-9.23664,1750160390.1516716
418,13.794,-0.769,8.102,0.781,-2.47328,-8.15267,4.68702,1750160390.190231
419,13.827,-0.606,9.771,2.133,-17.15267,-3.36641,13.77099,1750160390.226227
420,13.860,1.089,10.843,1.408,-20.88550,3.16794,9.89313,1750160390.2650638
421,13.893,2.887,12.888,3.718,-34.79389,24.37405,36.44275,1750160390.301064
422,13.926,0.555,12.428,3.970,-36.10687,50.51908,35.64122,1750160390.339945
423,13.959,-2.263,9.057,5.162,-12.08397,15.12214,2.03053,1750160390.3759782
424,13.992,-3.218,7.630,4.154,-6.69466,-26.41985,-2.83969,1750160390.4147968
425,14.025,1.348,10.496,2.358,-20.68702,-14.58779,17.53435,1750160390.4589276
426,14.058,2.205,10.992,2.488,0.58779,-15.62595,-4.24427,1750160390.4972286
427,14.091,1.264,9.718,2.191,6.17557,-0.41221,-22.56489,1750160390.5334077
428,14.124,1.039,8.940,1.930,3.18321,12.25191,-17.84733,1750160390.572062
429,14.157,0.512,9.124,2.064,14.99237,16.76336,-7.80916,1750160390.6082633
430,14.190,0.175,8.827,1.592,29.98473,15.43511,1.13740,1750160390.647241
431,14.223,0.816,8.435,1.274,25.46565,17.92366,3.75573,1750160390.6834035
432,14.256,1.609,8.461,0.575,19.43511,23.56489,4.30534,1750160390.7222376
433,14.289,1.820,8.590,0.235,9.05344,29.81679,-3.12214,1750160390.7582567
434,14.322,0.912,10.896,2.526,-17.69466,31.23664,-11.85496,1750160390.7972221
435,14.355,-2.217,10.379,1.712,-9.46565,9.48855,-12.62595,1750160390.8334656
436,14.388,-0.405,11.516,1.360,-5.64122,-8.87023,-20.84733,1750160390.8715894
437,14.421,0.146,13.781,3.031,-40.46565,-13.99237,-41.57252,1750160390.9076345
438,14.454,0.821,13.403,4.350,3.80916,-29.09160,-46.14504,1750160390.9461932
439,14.487,1.290,6.493,4.377,26.92366,-1.12214,-13.38168,1750160390.997615
440,14.520,0.651,7.887,3.503,-16.73282,10.37405,-14.63359,1750160391.0417767
441,14.553,-0.378,11.322,3.347,-6.35115,0.25954,-13.36641,1750160391.080796
442,14.586,-0.481,9.436,2.483,13.59542,-1.32061,7.60305,1750160391.1187758
443,14.619,-0.541,9.278,2.866,7.18321,-5.24427,10.84733,1750160391.1549723
444,14.652,0.596,9.448,2.514,17.45038,-2.29008,6.06870,1750160391.1939156
445,14.685,1.116,9.503,2.109,14.13740,5.60305,-0.16794,1750160391.2301743
446,14.718,0.931,9.313,1.607,24.02290,9.66412,-1.13740,1750160391.263632
447,14.751,0.309,8.358,0.864,18.96183,13.67176,-4.22137,1750160391.3000817
448,14.784,-0.034,7.889,0.541,1.14504,4.54198,-10.00763,1750160391.3392823
449,14.817,-1.185,8.765,2.107,-18.88550,-0.82443,-6.58779,1750160391.3757796
450,14.850,0.630,11.298,2.957,-21.62595,6.72519,-5.51145,1750160391.4146729
451,14.883,0.299,11.030,1.025,-11.50382,-0.22901,-0.20611,1750160391.4510634
452,14.916,0.239,12.548,2.935,-37.66412,18.17557,19.20611,1750160391.489355
453,14.949,1.714,11.322,3.251,-32.34351,42.07634,14.35878,1750160391.5262592
454,14.982,0.211,7.805,4.554,-2.77863,41.83206,-3.54198,1750160391.5652401
455,15.015,0.855,8.167,3.637,-16.80153,45.63359,17.20611,1750160391.6016996
456,15.048,0.632,11.645,3.074,-26.86260,54.25191,12.97710,1750160391.644483
457,15.081,0.972,11.768,2.643,-3.29008,46.82443,-24.24427,1750160391.6810355
458,15.114,1.065,9.737,2.229,11.08397,58.52672,-26.29008,1750160391.720008
459,15.147,1.032,9.232,1.571,4.29008,69.77099,-21.93893,1750160391.7564476
460,15.180,0.220,9.644,2.207,8.84733,69.51145,-18.55725,1750160391.7956169
461,15.213,-0.591,8.645,1.563,27.83206,56.19084,-14.35878,1750160391.8327491
462,15.246,-0.005,8.140,0.907,16.93130,48.48092,-0.80153,1750160391.871996
463,15.279,-0.302,8.720,0.745,15.80916,46.80916,8.81679,1750160391.9084265
464,15.312,-0.208,8.861,0.086,14.69466,36.51908,6.09924,1750160391.9474661
465,15.345,1.621,9.864,0.553,2.25954,30.79389,-12.80916,1750160391.9838688
466,15.378,-0.005,9.833,2.040,-15.32061,27.31298,-18.34351,1750160392.023042
467,15.411,-0.879,10.637,1.372,-10.01527,23.11450,1.24427,1750160392.0593994
468,15.444,-2.181,13.278,3.168,-39.23664,7.21374,-27.00000,1750160392.09292
469,15.477,-0.189,13.649,5.837,-34.48092,-30.45038,-76.06107,1750160392.129436
470,15.510,2.547,8.703,4.681,33.77099,0.71756,-54.13740,1750160392.168632
471,15.543,3.737,6.292,3.649,-2.00000,39.03053,-29.16794,1750160392.2043962
472,15.576,0.802,12.368,3.297,-40.54198,43.02290,-11.19084,1750160392.2441719
473,15.609,-0.493,10.242,3.002,26.48855,29.60305,-2.89313,1750160392.2802176
474,15.642,-0.936,8.641,3.290,14.42748,21.76336,23.54198,1750160392.3190758
475,15.675,-1.312,9.306,2.859,1.49618,4.70229,28.48855,1750160392.355127
476,15.708,0.946,9.091,2.176,11.18321,5.32824,16.14504,1750160392.3939805
477,15.741,1.697,8.444,1.377,19.45038,22.80916,4.67939,1750160392.4301293
478,15.774,0.407,8.514,1.147,14.06107,27.00000,-10.16794,1750160392.4686859
479,15.807,-0.491,8.605,0.646,12.27481,17.28244,-10.32824,1750160392.5048418
480,15.840,-0.989,8.016,1.063,1.08397,7.46565,-5.09160,1750160392.5443184
481,15.873,-0.551,9.589,2.217,-19.13740,7.63359,-1.70229,1750160392.5808215
482,15.906,1.053,10.913,1.130,-19.53435,16.38931,-0.50382,1750160392.6217487
483,15.939,-0.022,12.232,2.782,-30.67176,27.76336,30.85496,1750160392.6583457
484,15.972,0.318,9.807,5.162,-21.29008,49.79389,20.51908,1750160392.72882
485,16.005,-1.008,7.966,4.039,-12.30534,33.41221,3.71756,1750160392.7627125
486,16.038,1.302,11.720,3.045,-37.96947,49.55725,4.62595,1750160392.8011935
487,16.071,1.942,11.863,2.734,-14.39695,51.12214,-16.43511,1750160392.8391225
488,16.104,0.455,9.309,2.126,11.36641,54.16794,-25.09160,1750160392.8770316
489,16.137,-0.005,8.475,1.547,3.44275,66.60305,-19.04580,1750160392.914349
490,16.170,-0.304,9.000,1.956,11.69466,71.41221,-8.16794,1750160392.952166
491,16.203,-1.030,8.914,1.532,25.56489,52.94656,1.86260,1750160392.9898505
492,16.236,-1.437,9.340,1.750,15.39695,34.29008,7.51145,1750160393.027335
493,16.269,-0.400,9.249,1.080,21.96183,13.31298,6.45802,1750160393.0645447
494,16.302,0.211,8.887,0.357,20.67939,18.83969,7.59542,1750160393.102342
495,16.335,2.136,9.668,-0.041,8.33588,42.92366,-6.06107,1750160393.1400847
496,16.368,1.767,10.511,1.465,-10.47328,54.69466,-17.58015,1750160393.1777487
497,16.401,-1.978,10.422,1.484,-1.86260,47.32061,-9.23664,1750160393.2152245
498,16.434,-1.985,10.520,2.370,-0.19847,30.96947,-18.37405,1750160393.2528136
499,16.467,-1.906,11.744,4.240,-53.54198,7.05344,-60.40458,1750160393.2902312
500,16.500,1.199,11.456,5.339,-5.46565,5.55725,-67.16031,1750160393.3279557
501,16.533,2.986,8.286,4.013,13.88550,38.51145,-51.32824,1750160393.3654666
502,16.566,1.678,10.384,2.452,-27.62595,72.18321,-24.50382,1750160393.4028363
503,16.599,-1.987,10.973,0.792,-0.09924,70.48855,0.38168,1750160393.4404416
504,16.632,-0.508,8.851,2.612,16.30534,62.72519,13.31298,1750160393.4780712
505,16.665,-0.814,8.332,2.033,-2.66412,60.52672,17.20611,1750160393.5158544
506,16.698,-0.800,9.318,2.064,2.75573,50.54962,6.45038,1750160393.5532951
507,16.731,-0.208,8.935,2.002,16.46565,45.48092,-7.07634,1750160393.5909967
508,16.764,0.328,8.976,1.307,6.54198,45.83969,-12.90076,1750160393.627602
509,16.797,0.062,9.436,1.092,7.65649,48.00763,-13.31298,1750160393.6652935
510,16.830,-0.340,9.718,1.307,15.38168,42.64122,-14.95420,1750160393.702624
511,16.863,-1.506,9.747,1.037,12.22901,35.95420,-15.69466,1750160393.7402425
512,16.896,0.055,9.596,1.437,7.55725,30.63359,-23.06870,1750160393.7737138
513,16.929,1.144,9.349,1.745,5.54198,26.63359,-19.22137,1750160393.812479
514,16.962,-1.041,9.780,1.896,-9.36641,24.03817,2.58779,1750160393.8488283
515,16.995,0.041,11.933,2.100,-52.54198,34.72519,24.48855,1750160393.8833003
516,17.028,0.931,11.720,3.639,-34.06107,61.03053,17.22901,1750160393.9221954
517,17.061,-1.063,9.194,4.468,1.44275,58.72519,-0.77863,1750160393.9585814
518,17.094,-0.776,7.626,4.061,7.83969,52.32824,-1.73282,1750160393.9924068
519,17.127,0.397,7.661,3.412,-19.39695,59.58015,9.17557,1750160394.028698
520,17.160,1.391,11.760,2.119,-33.16794,72.90840,11.00763,1750160394.0681758
521,17.193,0.283,11.368,1.511,-6.44275,69.54962,-17.58015,1750160394.104249
522,17.226,-0.156,10.403,1.621,-9.87786,75.81679,-21.49618,1750160394.1433206
523,17.259,-0.836,10.520,1.513,0.14504,70.64885,-15.30534,1750160394.17937
524,17.292,-0.599,10.053,1.484,14.34351,63.04580,-9.66412,1750160394.2188709
525,17.325,-0.010,9.345,1.216,24.61832,55.51908,-10.45038,1750160394.2549236
526,17.358,-0.026,8.679,0.912,14.07634,53.75573,-3.09160,1750160394.2939236
527,17.391,0.120,8.856,0.903,11.53435,51.29008,3.46565,1750160394.329651
528,17.424,-0.314,8.993,0.419,16.63359,44.59542,4.16794,1750160394.3685997
529,17.457,0.761,9.261,0.553,10.00763,44.71756,0.11450,1750160394.4045775
530,17.490,0.656,10.396,1.307,3.43511,39.43511,-15.59542,1750160394.443918
531,17.523,-0.761,9.895,1.386,-2.17557,34.77863,-27.31298,1750160394.4800167
532,17.556,-1.156,9.723,1.820,-0.18321,30.65649,-27.77099,1750160394.5138304
533,17.589,-2.488,14.090,3.833,-50.99237,7.26718,-44.70992,1750160394.5553646
534,17.622,-0.424,13.496,3.060,-8.46565,-3.05344,-30.32061,1750160394.5892339
535,17.655,2.772,9.187,4.341,27.22901,44.00763,-12.64885,1750160394.6311593
536,17.688,3.675,7.104,3.359,33.54198,73.61832,-18.90076,1750160394.6649764
537,17.721,0.421,7.851,2.665,12.31298,92.19847,-18.29771,1750160394.7008803
538,17.754,-2.437,11.080,2.284,-4.38931,65.39695,-16.14504,1750160394.7400305
539,17.787,-2.595,9.029,2.425,14.72519,65.51908,6.97710,1750160394.7759757
540,17.820,-0.723,9.991,2.222,0.22901,59.37405,7.09924,1750160394.815777
541,17.853,0.438,9.737,1.836,17.49618,61.06107,-5.01527,1750160394.8523197
542,17.886,0.950,8.729,1.190,12.63359,74.38168,-14.22901,1750160394.891574
543,17.919,-0.575,8.813,0.735,14.41221,70.83969,-18.54962,1750160394.9316237
544,17.952,-1.425,8.837,0.553,10.88550,62.86260,-19.32061,1750160394.9669502
545,17.985,-1.573,8.583,0.132,-4.93130,50.16031,-22.65649,1750160395.0080688
546,18.018,-1.307,9.570,2.217,-24.78626,36.23664,-24.31298,1750160395.0470848
547,18.051,-0.558,11.423,2.207,-13.98473,36.71756,-19.76336,1750160395.0831776
548,18.084,0.347,12.361,1.116,-26.45038,50.95420,2.61069,1750160395.1225512
549,18.117,-0.776,13.891,3.129,-37.25954,57.48092,-6.01527,1750160395.1585503
550,18.150,-0.625,11.791,4.542,-9.12977,48.51145,-28.44275,1750160395.1975121
551,18.183,0.225,7.889,4.908,8.87023,41.04580,-26.70992,1750160395.2340508
552,18.216,0.946,6.268,4.197,-2.37405,43.00000,-15.80153,1750160395.2727287
553,18.249,2.071,8.495,3.587,-27.58779,58.17557,-11.52672,1750160395.3088129
554,18.282,1.748,12.835,2.361,-19.41221,58.93893,-28.43511,1750160395.3481388
555,18.315,0.931,10.534,1.391,16.95420,56.74809,-31.77863,1750160395.3840485
556,18.348,0.740,8.157,1.245,2.69466,60.43511,-16.00763,1750160395.42298
557,18.381,0.603,8.839,1.597,-7.63359,61.90840,-9.93130,1750160395.4589822
558,18.414,-0.189,9.270,1.990,-3.19084,50.02290,-4.28244,1750160395.4980311
559,18.447,-0.172,8.389,1.966,7.78626,33.46565,8.25191,1750160395.5344555
560,18.480,-0.158,8.485,1.779,-0.41985,24.54198,23.21374,1750160395.573745
561,18.513,-0.113,9.474,1.106,2.59542,14.09924,29.96183,1750160395.6102028
562,18.546,0.907,9.591,0.534,18.58779,9.48092,29.51145,1750160395.6494932
563,18.579,2.133,9.199,0.596,19.75573,16.21374,18.87786,1750160395.6854775
564,18.612,1.580,10.187,1.824,-7.81679,10.54962,11.66412,1750160395.724546
565,18.645,-0.962,11.037,1.726,-14.07634,1.54962,6.47328,1750160395.7605991
566,18.678,-0.922,11.930,2.148,-3.19084,-14.37405,-3.47328,1750160395.7943542
567,18.711,-0.225,12.744,3.400,-18.83969,-43.51908,-33.41985,1750160395.8305535
568,18.744,1.267,12.203,5.444,-6.76336,-55.98473,-43.33588,1750160395.8703897
569,18.777,1.985,7.796,4.587,30.03053,-31.06107,-21.61832,1750160395.9064746
570,18.810,2.018,6.941,3.428,-8.09924,0.51145,-10.97710,1750160395.9455464
571,18.843,0.194,10.400,3.493,-29.90840,3.71756,-0.14504,1750160395.9815466
572,18.876,-0.062,9.675,3.165,5.22901,-11.30534,11.93893,1750160396.0210555
573,18.909,-0.266,8.784,2.083,-4.77099,-22.95420,23.61832,1750160396.0611124
574,18.942,0.141,9.692,1.992,0.15267,-29.61069,20.99237,1750160396.1162426
575,18.975,1.123,9.146,1.774,19.17557,-24.02290,10.93893,1750160396.1593392
576,19.008,0.958,8.823,1.367,15.40458,-21.60305,2.49618,1750160396.1935098
577,19.041,0.369,8.744,1.053,13.96947,-25.31298,-2.92366,1750160396.2306972
578,19.074,-0.484,8.861,0.943,8.57252,-33.91603,2.62595,1750160396.2679918
579,19.107,-0.685,9.658,1.891,-13.57252,-30.16794,12.50382,1750160396.3046787
580,19.140,1.470,10.386,0.570,-22.08397,-18.62595,16.23664,1750160396.342253
581,19.173,0.711,12.153,0.625,-24.84733,-20.63359,14.41985,1750160396.378618
582,19.206,1.209,12.857,4.075,-46.45802,1.51908,27.30534,1750160396.4162269
583,19.239,1.645,11.056,5.250,-29.84733,17.61069,24.60305,1750160396.4526815
584,19.272,-1.453,9.052,4.604,-0.49618,-8.70992,10.51908,1750160396.489734
585,19.305,-0.232,9.098,3.299,-9.68702,-20.65649,11.18321,1750160396.5265539
586,19.338,1.896,11.459,2.203,-21.32824,-7.09160,0.89313,1750160396.5639656
587,19.371,2.447,10.214,2.155,6.01527,-2.45802,-14.05344,1750160396.6007674
588,19.404,1.518,8.320,2.061,9.59542,12.80916,-18.82443,1750160396.6386433
589,19.437,1.360,8.140,2.188,-8.06870,21.93893,-15.34351,1750160396.6753724
590,19.470,0.488,9.093,1.776,-1.30534,21.41221,-10.45038,1750160396.7131991
591,19.503,0.709,9.400,1.609,7.99237,15.84733,-8.22901,1750160396.749823
592,19.536,1.288,9.926,0.986,9.70992,18.82443,-8.34351,1750160396.7868373
593,19.569,0.802,9.560,0.362,21.67939,25.57252,-1.88550,1750160396.8238583
594,19.602,1.343,8.655,0.139,31.51908,29.64122,0.21374,1750160396.8611155
595,19.635,1.458,9.957,0.644,-1.91603,30.11450,-7.79389,1750160396.8978643
596,19.668,-0.869,10.781,2.691,-16.37405,8.11450,-18.56489,1750160396.935372
597,19.701,-0.962,10.400,0.134,9.47328,-9.04580,-11.40458,1750160396.9723954
598,19.734,1.702,11.016,3.175,-20.69466,-11.70992,-28.87023,1750160397.0096235
599,19.767,0.699,13.704,6.888,-37.67939,-17.23664,-57.21374,1750160397.0464933
600,19.800,1.214,9.787,4.135,35.24427,3.38168,-40.51145,1750160397.0833416
601,19.833,1.714,7.544,2.533,6.81679,15.26718,-23.34351,1750160397.1202288
602,19.866,0.795,10.065,3.129,-23.46565,14.29771,11.21374,1750160397.1575477
603,19.899,-1.030,9.934,2.658,15.90840,-1.98473,27.00000,1750160397.1943583
604,19.932,-1.841,9.560,2.265,6.53435,-18.48092,32.90076,1750160397.2361722
605,19.965,-0.144,9.481,2.514,12.67176,-26.59542,20.80916,1750160397.270681
606,19.998,1.882,8.633,2.006,24.22901,-14.09924,15.48092,1750160397.307058
607,20.031,1.566,8.399,1.199,19.15267,-4.41985,8.33588,1750160397.3452232
608,20.064,0.723,8.691,0.862,11.42748,-2.52672,-0.19847,1750160397.3813741
609,20.097,0.366,8.746,0.661,9.45802,-6.67939,-2.05344,1750160397.4201815
610,20.130,-0.565,9.294,1.018,3.45802,-16.80916,0.45802,1750160397.4563193
611,20.163,0.424,10.022,1.815,-9.10687,-4.62595,7.99237,1750160397.4953294
612,20.196,1.494,10.494,0.881,-11.48092,0.69466,9.93893,1750160397.5315454
613,20.229,0.582,12.385,3.773,-33.35115,14.87023,35.85496,1750160397.5701516
614,20.262,1.109,12.103,5.136,-55.06870,38.98473,39.16031,1750160397.6062963
615,20.295,-0.886,9.914,5.478,-8.03053,18.09160,8.56489,1750160397.6443737
616,20.328,0.086,8.966,3.689,-10.41221,0.06870,3.97710,1750160397.6860065
617,20.361,1.281,11.576,3.124,-28.60305,8.77099,-1.23664,1750160397.719352
618,20.394,0.831,10.211,2.825,5.38168,11.51145,-23.19084,1750160397.7608597
619,20.427,0.773,8.880,1.669,1.15267,25.03053,-23.96183,1750160397.799692
620,20.460,0.694,9.009,2.550,-6.20611,31.39695,-17.52672,1750160397.8360171
621,20.493,-0.115,9.175,2.332,9.36641,29.38931,-11.41985,1750160397.8694153
622,20.526,0.024,8.442,1.616,22.29771,18.62595,-2.28244,1750160397.9110281
623,20.559,-0.038,7.788,1.283,24.48855,15.56489,5.29008,1750160397.949887
624,20.592,0.405,8.188,0.357,16.35878,9.15267,18.10687,1750160397.9857876
625,20.625,1.358,9.117,0.120,12.09924,11.67939,20.89313,1750160398.0247316
626,20.658,2.047,11.167,1.889,1.96183,7.82443,-3.32824,1750160398.0606914
627,20.691,-0.153,10.240,1.851,-7.97710,-1.83969,-22.74046,1750160398.099895
628,20.724,-0.577,11.665,2.270,-12.44275,-10.38931,-27.56489,1750160398.1360614
629,20.757,-0.994,14.018,4.247,-40.87023,-35.69466,-52.93893,1750160398.1748126
630,20.790,0.493,12.969,4.223,5.67939,-33.61832,-50.94656,1750160398.2109187
631,20.823,2.588,8.179,3.512,26.80153,2.62595,-28.54962,1750160398.249027
632,20.856,3.598,6.910,2.789,4.99237,27.96183,-23.16031,1750160398.2847872
633,20.889,0.881,9.996,3.457,-17.28244,35.86260,-2.48855,1750160398.3229313
634,20.922,-2.380,9.273,3.194,14.41221,10.32824,31.76336,1750160398.3909047
635,20.955,-1.176,9.653,2.500,4.97710,-6.21374,20.73282,1750160398.428363
636,20.988,1.944,8.976,1.635,11.46565,4.50382,7.40458,1750160398.4660277
637,21.021,2.847,8.056,1.204,9.61069,27.95420,3.26718,1750160398.5035655
638,21.054,0.706,8.667,1.041,9.74046,37.65649,-7.55725,1750160398.541046
639,21.087,-0.682,8.435,0.180,6.54962,34.96947,-12.00763,1750160398.5784285
640,21.120,-1.195,8.408,0.555,-5.50382,22.68702,-11.33588,1750160398.6171212
641,21.153,-0.613,10.250,2.612,-28.39695,28.21374,-5.26718,1750160398.6554213
642,21.186,0.563,10.822,0.318,-14.40458,26.73282,-2.56489,1750160398.6933393
643,21.219,-1.188,11.990,1.906,-24.64122,24.41221,9.40458,1750160398.7304356
644,21.252,0.960,12.730,5.346,-58.44275,39.56489,21.60305,1750160398.7682421
645,21.285,0.678,9.742,4.973,-14.00000,43.46565,14.12214,1750160398.8054726
646,21.318,-0.675,8.408,4.396,-8.54962,25.83969,8.84733,1750160398.8433838
647,21.351,0.086,10.800,3.515,-26.85496,23.15267,10.06870,1750160398.880362
648,21.384,1.470,11.492,2.607,-12.75573,24.41985,-8.28244,1750160398.918069
649,21.417,1.109,10.192,2.231,3.41985,26.09160,-24.48092,1750160398.9553893
650,21.450,0.350,8.894,1.530,0.62595,33.83206,-22.12214,1750160398.9932768
651,21.483,-0.448,9.069,1.930,7.03817,35.15267,-11.17557,1750160399.0308192
652,21.516,-0.242,8.550,1.125,19.58015,24.88550,-4.77863,1750160399.0685246
653,21.549,0.225,8.282,0.836,17.56489,24.26718,5.63359,1750160399.1060271
654,21.582,0.543,7.602,0.893,12.32824,24.38168,13.94656,1750160399.1437469
655,21.615,0.713,7.788,0.120,5.51908,26.40458,15.78626,1750160399.180992
656,21.648,1.504,9.835,0.606,-11.35878,26.09924,0.72519,1750160399.218828
657,21.681,-0.546,11.969,1.930,-23.62595,1.84733,-31.63359,1750160399.2561429
658,21.714,-2.207,10.973,1.125,5.47328,-31.23664,-33.75573,1750160399.2938335
659,21.747,-1.358,11.672,2.612,-6.91603,-49.10687,-37.04580,1750160399.3310163
660,21.780,1.030,12.998,4.068,-28.29008,-46.12977,-39.12977,1750160399.368821
661,21.813,2.880,11.188,4.190,12.37405,-9.40458,-38.23664,1750160399.4021847
662,21.846,4.130,7.860,3.551,15.51908,47.52672,-50.29771,1750160399.4391358
663,21.879,1.733,9.754,2.691,-21.00763,75.70229,-23.90840,1750160399.4754105
664,21.912,-1.477,10.685,1.267,-1.48092,50.14504,8.56489,1750160399.513379
665,21.945,-1.925,8.452,1.618,4.55725,48.03053,27.33588,1750160399.551145
666,21.978,0.031,9.881,2.203,-5.74809,37.35115,16.93130,1750160399.5884335
667,22.011,1.068,10.068,1.844,23.04580,40.33588,2.63359,1750160399.6262076
668,22.044,0.551,8.605,1.769,32.72519,44.26718,-7.59542,1750160399.6635678
669,22.077,-0.642,8.808,1.590,27.61832,41.87023,-9.48092,1750160399.7015274
670,22.110,-0.962,9.096,1.132,21.61832,34.82443,-12.39695,1750160399.7388568
671,22.143,-0.927,8.897,0.388,13.54198,27.67176,-13.35115,1750160399.7761343
672,22.176,-0.953,9.100,0.702,0.44275,22.15267,-9.90840,1750160399.8134995
673,22.209,-0.417,9.919,1.834,-13.30534,24.77863,-4.55725,1750160399.851753
674,22.242,-0.294,10.309,0.259,-8.82443,32.87023,-0.81679,1750160399.8892236
675,22.275,0.357,12.651,2.148,-26.16031,52.54962,14.32824,1750160399.9274385
676,22.308,1.946,12.629,4.484,-22.94656,82.67176,17.48855,1750160399.9648888
677,22.341,0.299,9.225,4.554,9.24427,89.01527,-9.59542,1750160400.0026953
678,22.374,-0.299,8.001,4.379,-8.67939,83.61832,-11.18321,1750160400.0401819
679,22.407,-0.965,8.722,4.259,-17.79389,66.29008,-2.06107,1750160400.0776954
680,22.440,0.347,11.071,2.313,-21.35115,61.54962,-3.00763,1750160400.1152284
681,22.473,0.843,10.994,2.952,8.32824,63.30534,-19.32824,1750160400.1530783
682,22.506,0.792,9.345,3.788,13.93130,69.24427,-25.18321,1750160400.190205
683,22.539,0.517,8.705,1.961,-0.90076,76.19084,-24.17557,1750160400.2280412
684,22.572,-0.053,9.452,2.514,3.00763,76.66412,-18.69466,1750160400.2652915
685,22.605,-0.220,9.687,2.205,23.00000,64.70992,-16.12977,1750160400.3031576
686,22.638,-0.086,8.593,1.568,20.23664,53.84733,-14.17557,1750160400.3406315
687,22.671,-0.783,8.387,0.670,9.09160,53.05344,0.29008,1750160400.3782356
688,22.704,-0.156,8.310,0.599,13.87023,48.00000,7.61832,1750160400.415661
689,22.737,1.559,10.060,0.757,-0.32824,46.35878,-1.26718,1750160400.45361
690,22.770,0.263,10.221,1.798,-12.76336,48.06107,-8.13740,1750160400.491187
691,22.803,-1.015,9.318,1.226,2.95420,44.21374,2.44275,1750160400.525866
692,22.836,-2.047,11.674,3.491,-36.55725,28.51908,-14.30534,1750160400.5640645
693,22.869,-2.784,15.589,2.954,-48.22137,-16.70229,-69.27481,1750160400.6043384
694,22.902,2.138,10.173,4.350,46.93893,-6.52672,-52.41985,1750160400.6430376
695,22.935,4.247,5.794,4.492,14.90840,44.41221,-30.42748,1750160400.6802962
696,22.968,2.160,8.715,3.634,-30.56489,69.71756,-4.98473,1750160400.7178042
697,23.001,-0.486,11.224,2.571,-7.96183,51.68702,-8.46565,1750160400.7545629
698,23.034,-1.918,9.304,2.535,5.12977,39.83206,0.16031,1750160400.7919943
699,23.067,-0.965,9.124,2.672,1.21374,26.58779,17.90076,1750160400.8295982
700,23.100,0.376,9.158,2.739,14.15267,25.61832,12.69466,1750160400.8671165
701,23.133,0.548,8.487,2.325,18.17557,37.38931,1.66412,1750160400.9039268
702,23.166,-0.057,8.291,1.961,9.96947,36.54962,-15.94656,1750160400.941189
703,23.199,-0.970,8.461,1.384,1.44275,26.67176,-15.91603,1750160400.9780638
704,23.232,-0.804,8.938,0.718,-2.16794,14.65649,-13.60305,1750160401.0163474
705,23.265,-0.812,9.833,1.358,-12.88550,1.02290,-11.37405,1750160401.0574985
706,23.298,0.417,11.028,2.241,-1.39695,18.24427,-8.33588,1750160401.0952404
707,23.331,0.905,10.716,1.463,-5.95420,35.58779,8.40458,1750160401.1326377
708,23.364,0.783,12.629,3.383,-33.09160,53.55725,34.68702,1750160401.16982
709,23.397,0.357,12.512,3.608,-23.07634,63.09924,29.89313,1750160401.2046254
710,23.430,-1.259,9.194,5.057,-6.35115,46.59542,-2.81679,1750160401.2464008
711,23.463,-0.670,7.848,4.623,-4.51908,26.90076,-7.07634,1750160401.2818756
712,23.496,0.713,8.425,3.555,-19.05344,39.54198,19.18321,1750160401.3183367
713,23.529,1.693,10.156,2.878,-19.34351,51.37405,9.89313,1750160401.3573725
714,23.562,1.092,11.090,2.976,-11.62595,52.10687,-23.64885,1750160401.394002
715,23.595,0.512,10.278,1.918,1.43511,57.57252,-28.54962,1750160401.4406807
716,23.628,-0.338,9.055,2.255,8.03053,56.64885,-14.48855,1750160401.4778578
717,23.661,-1.063,8.835,2.061,10.98473,46.73282,-8.64885,1750160401.517631
718,23.694,0.084,9.237,1.422,14.28244,43.52672,-7.70992,1750160401.5585952
719,23.727,0.163,8.724,3.136,12.84733,43.24427,0.13740,1750160401.5977256
720,23.760,-0.285,8.456,0.680,8.22901,40.82443,7.81679,1750160401.6396606
721,23.793,0.658,9.424,0.826,3.51145,41.80916,-0.00763,1750160401.6787643
722,23.826,0.742,10.709,1.700,-9.85496,39.70992,-15.87023,1750160401.718026
723,23.859,-0.771,10.724,1.815,7.52672,22.98473,-16.31298,1750160401.769929
724,23.892,-2.085,11.983,3.390,-26.31298,6.93130,-30.25191,1750160401.8035443
725,23.925,-1.207,12.313,3.223,-15.89313,-10.32824,-45.57252,1750160401.8415027
726,23.958,1.966,9.457,3.759,12.12977,5.89313,-37.45802,1750160401.8802922
727,23.991,2.358,8.049,3.534,18.21374,39.39695,-29.48855,1750160401.9166534
728,24.024,-0.120,9.024,3.232,8.84733,52.59542,-22.41985,1750160401.9558177
729,24.057,-1.439,10.262,2.909,6.65649,39.54962,-8.84733,1750160401.992233
730,24.090,-0.503,8.277,2.404,10.09160,37.12977,12.44275,1750160402.0310516
731,24.123,-0.390,10.259,3.069,-7.38168,43.68702,21.87023,1750160402.0676997
732,24.156,-0.378,10.451,2.471,22.45802,45.34351,8.08397,1750160402.1066036
733,24.189,0.397,8.535,2.279,18.64885,51.95420,-9.28244,1750160402.1428678
734,24.222,0.852,8.554,1.772,6.80153,56.67939,-15.64885,1750160402.1815512
735,24.255,0.584,8.988,1.427,10.30534,61.75573,-19.56489,1750160402.2179391
736,24.288,-0.400,8.952,1.137,5.67176,59.97710,-22.74809,1750160402.256593
737,24.321,-1.587,9.179,0.960,-1.01527,43.60305,-24.10687,1750160402.2929494
738,24.354,-2.485,9.321,1.769,-5.91603,31.17557,-18.80153,1750160402.3262968
739,24.387,-1.784,9.907,2.342,-6.35878,13.97710,-9.18321,1750160402.362405
740,24.420,0.316,12.474,2.061,-36.84733,32.17557,24.11450,1750160402.4345489
741,24.453,0.316,12.474,2.061,-36.84733,32.17557,24.11450,1750160402.4345489
742,24.486,0.790,13.355,3.915,-28.19847,59.35115,27.99237,1750160402.476614
743,24.519,0.235,9.598,4.571,4.25191,62.06870,3.37405,1750160402.5130885
744,24.552,-1.053,7.202,4.506,6.58779,42.20611,-17.42748,1750160402.5518882
745,24.585,-0.848,7.580,4.029,-18.29008,36.76336,1.55725,1750160402.5879948
746,24.618,0.819,10.278,3.108,-22.46565,45.18321,14.44275,1750160402.6281974
747,24.651,1.568,12.258,2.875,-8.89313,39.48092,-20.54962,1750160402.6647258
748,24.684,0.201,10.846,2.248,8.82443,43.74046,-28.63359,1750160402.703614
749,24.717,-0.589,9.005,1.757,19.14504,41.02290,-23.41985,1750160402.7401624
750,24.750,-0.766,8.358,1.915,14.32824,37.67939,-11.20611,1750160402.778862
751,24.783,0.072,8.930,0.352,26.31298,39.96947,-10.03817,1750160402.8154988
752,24.816,0.737,8.794,1.037,14.93130,35.92366,-1.87786,1750160402.8564131
753,24.849,-0.721,8.250,0.764,11.73282,28.56489,11.27481,1750160402.900742
754,24.882,0.280,8.305,0.467,6.39695,21.16031,6.52672,1750160402.936041
755,24.915,1.583,10.685,1.324,-16.29008,22.83206,-7.26718,1750160402.9724631
756,24.948,0.139,10.898,2.519,-18.38931,12.07634,-22.20611,1750160403.0116622
757,24.981,-1.346,10.477,1.911,-0.22901,1.89313,-15.80916,1750160403.048117
758,25.014,-1.611,12.342,3.558,-35.52672,-19.75573,-30.51908,1750160403.087097
759,25.047,0.704,12.713,4.039,-19.30534,-33.77099,-45.18321,1750160403.1241736
760,25.080,2.550,9.558,3.895,16.70229,-3.16031,-28.94656,1750160403.1631973
761,25.113,2.073,7.738,3.788,11.22901,35.94656,-10.94656,1750160403.1991436
762,25.146,0.646,9.177,3.524,-3.85496,37.45038,-18.77863,1750160403.2324977
763,25.179,-0.156,9.876,3.211,-1.57252,28.67939,-9.98473,1750160403.2689638
764,25.212,-1.144,9.057,2.538,-4.48855,20.35878,17.05344,1750160403.3081849
765,25.245,-0.982,10.032,2.641,-9.48092,6.38931,21.99237,1750160403.3443005
766,25.278,1.156,9.811,1.528,10.55725,13.00763,15.55725,1750160403.3840744
767,25.311,1.022,8.894,2.483,11.40458,18.66412,5.10687,1750160403.4201543
768,25.344,0.539,9.072,1.951,17.81679,20.03053,-6.06870,1750160403.4590309
769,25.377,-0.457,9.297,1.405,19.32824,15.61069,-7.90840,1750160403.4950771
770,25.410,-0.390,8.586,0.338,14.51908,-1.87786,-11.27481,1750160403.534194
771,25.443,-0.409,8.404,0.304,-1.90076,-6.89313,-7.85496,1750160403.5707352
772,25.476,-0.670,10.307,2.279,-15.43511,3.90076,2.09160,1750160403.6098158
773,25.509,0.448,10.218,0.826,-6.34351,11.06870,9.34351,1750160403.6458867
774,25.542,-0.668,11.296,2.808,-22.18321,0.96947,24.42748,1750160403.6845438
775,25.575,1.573,12.110,5.021,-57.03817,24.38168,38.16031,1750160403.72063
776,25.608,1.659,10.331,5.600,-14.70992,33.09160,25.09160,1750160403.7597048
777,25.641,-1.688,8.602,4.925,-5.49618,9.17557,9.44275,1750160403.7957745
778,25.674,-0.098,10.444,3.572,-22.80153,2.73282,6.48092,1750160403.834606
779,25.707,1.132,11.466,3.146,-13.18321,3.54198,-1.34351,1750160403.8703249
780,25.740,0.321,9.816,2.861,9.48092,2.29771,-4.58015,1750160403.909916
781,25.773,-0.244,8.741,2.274,3.88550,8.60305,-1.99237,1750160403.9459233
782,25.806,0.330,9.347,2.856,6.20611,12.53435,0.78626,1750160403.9897244
783,25.839,0.093,9.165,2.014,14.38931,8.26718,2.48092,1750160404.032621
784,25.872,-0.069,8.490,1.525,5.20611,2.91603,4.32824,1750160404.0690467
785,25.905,-0.764,8.037,0.936,2.61069,-4.48855,8.63359,1750160404.10536
786,25.938,0.450,8.303,0.591,-4.93893,-8.40458,14.47328,1750160404.1442685
787,25.971,2.483,10.836,1.302,-21.89313,-7.37405,11.53435,1750160404.1802766
788,26.004,-1.089,9.275,1.056,-6.27481,-8.71756,14.87786,1750160404.2189233
789,26.037,0.062,9.680,3.318,-9.32061,-11.51908,0.45802,1750160404.2552645
790,26.070,-1.401,16.419,7.353,-52.84733,-52.67176,-93.64885,1750160404.2942495
791,26.103,0.010,10.104,2.500,45.74046,-53.03817,-94.07634,1750160404.3300195
792,26.136,2.045,5.143,3.486,7.25954,-28.06107,-39.18321,1750160404.36896
793,26.169,0.577,10.805,3.038,-32.25954,-17.86260,19.35115,1750160404.4050133
794,26.202,-3.168,13.652,4.946,24.11450,-56.72519,31.48855,1750160404.4438121
795,26.235,-4.966,10.422,3.651,41.84733,-104.05344,34.41985,1750160404.4797413
796,26.268,-1.736,9.280,1.765,-1.54198,-136.85496,33.29008,1750160404.5183685
797,26.301,1.978,9.476,0.905,-9.68702,-104.71756,23.57252,1750160404.5540292
798,26.334,5.061,8.322,0.424,21.14504,-79.84733,-0.81679,1750160404.5935001
799,26.367,1.817,8.526,1.642,11.01527,-58.41221,8.27481,1750160404.626852
800,26.400,-0.089,9.641,1.693,4.47328,-70.99237,-6.65649,1750160404.6687737
801,26.433,0.254,9.687,2.150,-3.61069,-78.93893,-1.46565,1750160404.7044647
802,26.466,0.172,11.155,4.223,-15.36641,-65.82443,21.62595,1750160404.7434638
803,26.499,2.658,12.055,2.698,12.18321,-65.67176,29.05344,1750160404.7849672
804,26.532,0.426,9.876,2.828,23.57252,-73.06107,21.91603,1750160404.8184438
805,26.565,-0.907,7.489,1.889,14.80916,-95.23664,14.41221,1750160404.8598912
806,26.598,0.400,8.674,2.650,-13.70229,-92.88550,26.63359,1750160404.898863
807,26.631,2.298,10.834,3.275,-2.44275,-79.54198,35.76336,1750160404.9351256
808,26.664,2.885,9.888,2.928,16.29771,-66.15267,15.87786,1750160404.9735873
809,26.697,1.800,8.260,3.266,2.80916,-49.16031,3.23664,1750160405.0096684
810,26.730,1.061,9.038,3.127,-0.82443,-45.38931,3.09924,1750160405.0485537
811,26.763,1.688,9.673,2.818,-4.02290,-40.02290,-0.04580,1750160405.0846324
812,26.796,2.085,10.096,2.828,0.31298,-32.12214,0.37405,1750160405.1231372
813,26.829,1.250,9.136,2.818,-0.67939,-34.02290,3.77863,1750160405.159567
814,26.862,1.317,8.887,2.772,-1.00000,-42.10687,9.12214,1750160405.1978853
815,26.895,0.792,9.057,2.622,-5.43511,-42.69466,12.33588,1750160405.2335417
816,26.928,1.310,9.680,2.667,-6.03053,-46.48855,17.68702,1750160405.2734113
817,26.961,1.369,9.797,2.375,-4.55725,-48.39695,18.82443,1750160405.3094459
818,26.994,1.377,9.234,2.739,-9.58015,-38.52672,16.00763,1750160405.3488574
819,27.027,0.939,9.869,2.550,-10.98473,-37.78626,12.48092,1750160405.385087
820,27.060,0.520,10.039,2.598,-3.97710,-37.42748,13.42748,1750160405.4266899
821,27.093,1.264,10.001,2.593,0.48855,-37.88550,11.22901,1750160405.4633229
822,27.126,1.539,10.309,2.674,-0.29008,-23.56489,12.99237,1750160405.5025198
823,27.159,0.733,10.056,2.308,5.09924,-22.99237,6.45802,1750160405.5388615
824,27.192,1.056,9.318,3.053,6.01527,-20.70229,0.77863,1750160405.5781534
825,27.225,1.405,9.414,2.749,4.41221,-13.78626,2.27481,1750160405.614478
826,27.258,0.553,9.847,2.698,-1.25954,-7.03053,3.70229,1750160405.6541517
827,27.291,1.058,9.936,2.689,0.28244,-1.20611,2.67939,1750160405.690508
828,27.324,0.742,9.627,2.535,0.40458,-0.78626,2.75573,1750160405.7242296
829,27.357,0.359,9.699,2.552,-2.48092,3.44275,-0.70992,1750160405.7606728
830,27.390,0.589,9.771,2.545,-1.48855,3.05344,-0.73282,1750160405.7997193
831,27.423,0.053,9.510,2.404,-1.34351,0.28244,-1.92366,1750160405.8363361
832,27.456,0.211,9.692,2.550,1.12214,-2.19084,3.08397,1750160405.8761363
833,27.489,0.587,9.594,2.531,-1.61832,-0.61069,1.42748,1750160405.9126437
834,27.522,0.359,9.708,2.574,-5.64122,-0.41221,0.51145,1750160405.9520197
835,27.555,-0.304,9.663,2.710,-1.67176,-4.14504,1.21374,1750160405.9885302
836,27.588,0.165,9.570,2.643,-0.34351,-5.96947,2.58779,1750160406.0304706
837,27.621,0.215,9.685,2.523,-2.48855,-5.43511,0.82443,1750160406.0701835
838,27.654,0.108,9.785,2.756,-1.37405,-5.83969,0.29771,1750160406.1070504
839,27.687,-0.036,10.082,2.847,5.22137,-10.83206,0.60305,1750160406.1418574
840,27.720,0.120,9.500,2.907,2.48092,-9.84733,2.73282,1750160406.2164674
841,27.753,-0.029,9.512,2.895,4.49618,-11.16794,2.83969,1750160406.253757
842,27.786,0.048,9.864,2.863,2.16031,-11.09160,5.82443,1750160406.2915485
843,27.819,0.048,9.864,2.863,2.16031,-11.09160,5.82443,1750160406.2915485
844,27.852,0.163,9.548,3.093,3.23664,-12.48092,1.35878,1750160406.367138
845,27.885,0.163,9.548,3.093,3.23664,-12.48092,1.35878,1750160406.367138
846,27.918,0.570,9.448,2.909,-3.18321,-9.34351,0.48092,1750160406.4093251
847,27.951,0.366,9.615,2.851,-5.54962,-6.47328,0.11450,1750160406.4454455
848,27.984,0.400,9.874,2.866,-1.72519,-4.10687,-0.96183,1750160406.4850001
849,28.017,0.237,9.601,2.866,-0.44275,-3.00763,-0.39695,1750160406.521483
850,28.050,0.098,9.548,2.830,-0.67939,-2.95420,-0.90840,1750160406.56041
851,28.083,0.034,9.874,3.019,-0.87786,-3.08397,-0.00763,1750160406.597517
852,28.116,0.170,9.431,2.895,1.00000,-2.51145,-0.34351,1750160406.6370065
853,28.149,0.297,9.589,2.933,-2.94656,-0.45802,-0.80916,1750160406.6736395
854,28.182,0.254,9.541,2.866,-1.27481,0.61069,-0.36641,1750160406.7125578
855,28.215,0.110,9.792,2.823,-0.72519,0.70229,-0.24427,1750160406.7489765
856,28.248,0.113,9.701,2.887,1.12214,0.02290,-0.48092,1750160406.7890806
857,28.281,0.168,9.582,2.808,-0.69466,0.48092,-0.22137,1750160406.8611827
858,28.314,0.079,9.579,3.014,-1.46565,0.44275,-0.30534,1750160406.8949053
859,28.347,-0.005,9.598,3.048,-2.03053,-0.93893,-0.15267,1750160406.9314003
860,28.380,0.060,9.742,2.861,-1.23664,-1.75573,-0.30534,1750160406.9652197
861,28.413,0.261,9.359,2.823,-1.53435,-0.76336,-0.51908,1750160407.0015547
862,28.446,0.036,9.706,2.911,-2.29008,-0.68702,0.01527,1750160407.0402882
863,28.479,0.010,9.637,2.986,-2.18321,-1.29771,-0.35878,1750160407.0766475
864,28.512,0.074,9.591,2.806,-1.58015,-0.82443,0.74046,1750160407.1150787
865,28.545,-0.045,9.515,2.933,-2.35115,-1.74809,0.04580,1750160407.1512492
866,28.578,0.108,9.608,2.942,-1.90840,-1.59542,0.37405,1750160407.185013
867,28.611,0.158,9.574,2.966,-3.46565,-0.36641,-0.17557,1750160407.221452
868,28.644,0.000,9.584,2.741,-2.65649,-0.04580,0.33588,1750160407.260415
869,28.677,0.041,9.618,2.871,-2.56489,0.87023,-0.36641,1750160407.2964778
870,28.710,0.048,9.546,2.909,-3.58779,-0.06870,0.22137,1750160407.330255
871,28.743,-0.110,9.759,2.878,-3.33588,-0.98473,0.47328,1750160407.3649306
872,28.776,-0.057,9.761,2.892,-2.19084,-2.67939,-0.32824,1750160407.4048977
873,28.809,0.115,9.512,2.820,-3.73282,-1.98473,-0.42748,1750160407.443028
874,28.842,0.158,9.735,2.691,-4.28244,1.28244,1.70229,1750160407.4816127
875,28.875,-0.196,9.931,2.847,1.46565,0.63359,-0.93130,1750160407.517929
876,28.908,0.086,9.515,2.717,-0.85496,0.93893,-1.32824,1750160407.5556486
877,28.941,-0.103,9.697,2.780,-3.83206,-0.53435,0.69466,1750160407.591536
878,28.974,-0.180,9.646,2.780,-1.12977,-1.89313,-1.25954,1750160407.6288304
879,29.007,-0.165,9.730,2.880,-1.49618,-3.16794,-2.22901,1750160407.6651897
880,29.040,0.211,9.586,2.701,-1.63359,-3.07634,0.16794,1750160407.7017355
881,29.073,-0.005,9.610,2.892,-0.77863,-3.45802,0.02290,1750160407.7379985
882,29.106,-0.093,9.632,2.753,-2.09160,-4.40458,-0.12214,1750160407.7753205
883,29.139,0.067,9.538,2.614,-3.79389,-5.61069,0.88550,1750160407.8117511
884,29.172,-0.093,9.515,2.914,-4.80153,-4.49618,5.03817,1750160407.848668
885,29.205,-0.036,9.644,2.715,-13.20611,-2.72519,5.24427,1750160407.8849652
886,29.238,0.292,10.408,2.672,-4.48855,2.87786,0.16794,1750160407.921405
887,29.271,-0.522,9.814,2.775,2.85496,1.83206,-1.94656,1750160407.9577425
888,29.304,-0.424,9.483,2.614,0.61832,-2.18321,0.95420,1750160407.9930265
889,29.337,0.103,9.742,2.823,1.70229,-2.76336,4.41985,1750160408.0304825
890,29.370,0.120,9.658,2.466,-0.28244,-1.55725,2.95420,1750160408.0657632
891,29.403,0.086,9.620,2.804,-2.03817,0.39695,1.67176,1750160408.1037512
892,29.436,-0.129,9.637,2.796,-0.94656,-0.11450,1.08397,1750160408.1391463
893,29.469,0.347,9.330,2.868,-7.70992,6.64885,-4.75573,1750160408.177378
894,29.502,0.136,8.504,4.135,-22.90076,-6.89313,8.93893,1750160408.2128155
895,29.535,-0.184,8.574,3.242,-10.89313,1.94656,7.41985,1750160408.2511508
896,29.568,-0.622,7.034,3.019,-30.08397,-9.39695,21.92366,1750160408.2864604
897,29.601,-1.827,4.726,2.167,-33.64122,-22.74046,64.87786,1750160408.3247101
898,29.634,-2.607,5.107,0.879,-9.12214,-16.17557,140.35115,1750160408.3599994
899,29.667,-2.986,9.840,-1.341,-25.72519,-2.36641,149.76336,1750160408.3979664
900,29.700,-2.461,15.107,1.930,-62.12977,18.00763,99.29771,1750160408.4345639
901,29.733,-2.892,16.144,4.092,-39.51908,-11.38931,36.11450,1750160408.4710858
902,29.766,-3.606,10.922,0.371,21.03053,-27.80153,15.54962,1750160408.5099642
903,29.799,-4.274,8.696,0.455,21.82443,-17.42748,8.69466,1750160408.5464113
904,29.832,-3.646,7.949,2.207,10.12214,-17.48855,14.09160,1750160408.5817723
905,29.865,-4.032,9.120,2.591,-5.14504,-28.61832,13.16794,1750160408.6204844
906,29.898,-3.625,9.548,2.037,-5.12214,-34.88550,8.39695,1750160408.6562164
907,29.931,-3.905,9.057,1.884,5.18321,-33.90840,12.67176,1750160408.6943047
908,29.964,-3.915,8.413,2.047,3.73282,-29.14504,19.03053,1750160408.7294958
909,29.997,-3.749,7.989,1.841,-8.06870,-31.11450,17.40458,1750160408.7675467
910,30.030,-4.089,8.258,2.418,-17.78626,-36.12977,20.95420,1750160408.8031065
911,30.063,-5.662,7.508,2.811,-17.79389,-47.29771,30.65649,1750160408.8412166
